mechanism,scale,feedback,seed,dt_s,spacing_um,duration_s,wall_s,project_sha256,region_fraction,ever_arrived_fraction,mean_residence_s,cumulative_degradation_molecules,degradation_per_initial_cell_molecules
a,small,False,1,0.1,4.0,120.0,87.90408089999983,e12c58c8e979fffb60ed0f131e2a603ec0d3c80b58ee172c1be7b6b86bedfe79,0.041666666666666664,0.9375,3.0874999999999435,29300.0,610.4166666666666
a,small,True,1,0.1,4.0,120.0,54.46002429999953,a354367510244836575e43ed2ef6ac566bbbcb578b243243b9acbaf1c77b5bba,0.0625,0.9166666666666666,3.5937499999999383,47500.0,989.5833333333334
a,small,False,2,0.1,4.0,120.0,51.09919229999923,5eef0f513faa515a0c3b1f97c1fb17eb7aabae144ff8549f9df1482941e34e8f,0.0625,0.9583333333333334,2.899999999999936,26700.0,556.25
a,small,True,2,0.1,4.0,120.0,53.08141640000031,e7afa7d1291b7b825b0e583cbf46b4ffea47a20d6e8e87ca5f22a6a1ed199460,0.041666666666666664,0.9166666666666666,3.2729166666666067,38750.0,807.2916666666666
a,small,False,3,0.1,4.0,120.0,81.11516719999963,4770d82a65d68a9804c626bdfd8b970fcb7bb40d0a1550ab80b63e3bc850fe64,0.020833333333333332,0.9166666666666666,2.5666666666666225,29400.0,612.5
a,small,True,3,0.1,4.0,120.0,45.67085540000062,fbf8c7f51306ff78ef2ebdb0875465b237c1bca701687578447895d5921dbeb7,0.0,0.9583333333333334,3.3083333333332514,43300.0,902.0833333333334
a,small,False,4,0.1,4.0,120.0,70.63331930000004,b6db48de6791c3a0302744eeaf08466ed9c599c8d0504873ca490a7bdcb8da33,0.041666666666666664,0.875,3.0187499999999585,34500.0,718.75
a,small,True,4,0.1,4.0,120.0,46.69618480000008,026fe8f28d73aa758b8b024ec3b28098d67a18373f694d6ed925229088710893,0.0,0.8541666666666666,2.491666666666616,25650.0,534.375
b,small,False,1,0.1,4.0,120.0,54.71429679999983,4a64296ab57b6f092320984362c651a4f896638b5eced6d3580ad422015642c5,0.0,0.8541666666666666,2.3437499999999565,30800.0,641.6666666666666
b,small,True,1,0.1,4.0,120.0,44.39526939999996,29ee6b757ba9cf9389ed463be82df9d306806dc937af4fab399ff1ab8c93b43f,0.041666666666666664,0.8333333333333334,2.3354166666666187,32850.0,684.375
b,small,False,2,0.1,4.0,120.0,116.74364399999922,6f4bf174617faeb87b9e25a82990abfefcd8c98a5d3e458a532e37590893728c,0.020833333333333332,0.8125,2.4312499999999617,29850.0,621.875
b,small,True,2,0.1,4.0,120.0,56.74821090000023,9977c054e7df35e323b61228cd36949c4389a6a24aa28b0339bf3c2afa85c72f,0.020833333333333332,0.8333333333333334,2.747916666666628,34150.0,711.4583333333334
b,small,False,3,0.1,4.0,120.0,57.2287809999998,cd265fab8a5d1145e0ad20bd1eb92bdc864f595903d16e5e8eee79e44a63977f,0.020833333333333332,0.7916666666666666,2.3708333333333,32800.0,683.3333333333334
b,small,True,3,0.1,4.0,120.0,74.87485369999922,94e23be91ed97ac8f94e9c413c0dfa59f47cf6bb07e925ea9afa03bd07ca065e,0.0,0.8125,1.8187499999999739,21050.0,438.5416666666667
b,small,False,4,0.1,4.0,120.0,63.9403140000004,8aa1dcf32d192bb2f807e15b3ee22ebd2e4e48eda49e2fd6cce1de39a3b30485,0.0,0.7708333333333334,2.5291666666666135,35750.0,744.7916666666666
b,small,True,4,0.1,4.0,120.0,69.18004710000059,119ef431faf18188b9d45924bb8c8101561db50621e62e04d08a1cc0fdd9c2a4,0.041666666666666664,0.875,2.4479166666666328,33150.0,690.625
a,medium,False,1,0.1,4.0,120.0,31.76182229999904,7925e72ca7388aefb8d661baebd3ce664af47b11881a00995670777ff11e8ded,0.020833333333333332,0.7916666666666666,3.402083333333259,20950.0,436.4583333333333
a,medium,True,1,0.1,4.0,120.0,31.992673200000354,425ea61ae7073c9a6d2d22fe57d78977e99f09370edba68340d66618e5573ca6,0.0,0.8333333333333334,4.291666666666589,31200.0,650.0
a,medium,False,2,0.1,4.0,120.0,30.3543695999997,31eef4d4e0896cde86c226cf74c97817cfcec333b656ac62dd7f2521dfea39df,0.020833333333333332,0.75,2.7270833333332756,17000.0,354.1666666666667
a,medium,True,2,0.1,4.0,120.0,30.575563200000033,27a69a6721511b74f3da452f5cc2f1bb4ae72d166e51ed16522ee574a7647092,0.0,0.75,2.852083333333282,25400.0,529.1666666666666
a,medium,False,3,0.1,4.0,120.0,30.540301899998667,477b7edc6f1dcd76af506a0d91c3e13d9234b69b450a5b266a581ac25d31bfe0,0.0,0.75,2.9354166666666353,26300.0,547.9166666666666
a,medium,True,3,0.1,4.0,120.0,31.49525150000045,d484671b419f0cee017f6fc51eb2246f3ecbe1857fc699f866bbd04e2ec18a6f,0.0,0.75,3.8104166666666117,35850.0,746.875
a,medium,False,4,0.1,4.0,120.0,38.22157200000038,02e35a428787667e7eab19e3cbb9af73f8a1deae63c551e65bd998a3afd9a358,0.041666666666666664,0.7708333333333334,3.81249999999995,34150.0,711.4583333333334
a,medium,True,4,0.1,4.0,120.0,31.829304700000648,97b1949fb7baad8778e53d0da34a984c6bb8a394ea24f0ccd4d9071a2ed78df4,0.0625,0.8333333333333334,4.079166666666625,34100.0,710.4166666666666
b,medium,False,1,0.1,4.0,120.0,31.601580500000637,312ff0ba47ab89f8678ca0e1e26a7f55a40752e27ccdffbf08490c018d57f335,0.0625,0.875,3.8208333333332622,36800.0,766.6666666666666
b,medium,True,1,0.1,4.0,120.0,31.09611550000045,3cfe1b22414ce68405a527c0005ade5b8db80d49084e298c02af7724c329c3e3,0.0625,0.7916666666666666,3.1249999999999147,22550.0,469.7916666666667
b,medium,False,2,0.1,4.0,120.0,35.55243840000003,9562147f65cd61a4947be617cf29cfa4160e8b0c17239865bc6e21c2ca02193c,0.041666666666666664,0.8333333333333334,3.964583333333278,41950.0,873.9583333333334
b,medium,True,2,0.1,4.0,120.0,31.451635699999315,5791c479c4adf0591928096f9005cba38ae090f4b1f7292b5516e345dcbc3427,0.041666666666666664,0.8125,2.620833333333277,18150.0,378.125
b,medium,False,3,0.1,4.0,120.0,37.552562599999874,9eae33392255c0e04022ebcc09e5b7ced016332c488f01df81623bdb6afe012d,0.020833333333333332,0.7291666666666666,3.158333333333273,33250.0,692.7083333333334
b,medium,True,3,0.1,4.0,120.0,37.059011100000134,ca257c4af8507eb1737ef642e71bd10b42dfd7996ff2de1f092d6370ac0c2133,0.020833333333333332,0.7291666666666666,3.899999999999934,47350.0,986.4583333333334
b,medium,False,4,0.1,4.0,120.0,34.61251660000016,d425246a2b193c4c518b75217147c22e2ae6533c0ed5dec0a95edc57204ac61e,0.0,0.7708333333333334,2.799999999999955,18400.0,383.3333333333333
b,medium,True,4,0.1,4.0,120.0,34.30518950000078,9c92c33be2028716add6dbc9aa74bcc42faab914991bae7b8fbed77b8135ff7d,0.041666666666666664,0.7916666666666666,4.229166666666605,45950.0,957.2916666666666
